<?xml version="1.0"?>
<!--
/**
 * Landofcoder
 * 
 * NOTICE OF LICENSE
 * 
 * This source file is subject to the Landofcoder.com license that is
 * available through the world-wide-web at this URL:
 * http://landofcoder.com/license
 * 
 * DISCLAIMER
 * 
 * Do not edit or add to this file if you wish to upgrade this extension to newer
 * version in the future.
 * 
 * @category   Landofcoder
 * @package    Lof_RewardPoints
 * @copyright  Copyright (c) 2016 Landofcoder (http://www.landofcoder.com/)
 * @license    http://www.landofcoder.com/LICENSE-1.0.html
 */
-->
<config xmlns:xsi="http://www.w3.org/2001/XMLSchema-instance" xsi:noNamespaceSchemaLocation="urn:magento:framework:Module/etc/module.xsd">
    <module name="Lof_RewardPoints" setup_version="1.0.0">
        <sequence>
        	<module name="Magento_Checkout"/>
            <module name="Magento_Catalog"/>
            <module name="Magento_CatalogWidget"/>
            <module name="Magento_Downloadable"/>
            <module name="Magento_Wishlist"/>
            <module name="Magento_Sales"/>
            <module name="Magento_Store"/> 
        </sequence> 
    </module>
</config>